{"cameraMode":{"drawMode":0,"name":"Shaded","section":"Shading Mode"},"sceneLighting":true,"audioPlay":false,"sceneViewState":{"showFog":true,"showMaterialUpdate":false,"showSkybox":true,"showFlares":true,"showImageEffects":true,"showParticleSystems":true},"in2DMode":false,"pivot":{"x":-0.016089655458927156,"y":0.03400000184774399,"z":-0.18416918814182282},"rotation":{"x":0.058373790234327319,"y":-0.7174739837646484,"z":0.06071493774652481,"w":0.6917012333869934},"size":1.5851643085479737,"orthographic":false}