{"cameraMode":{"drawMode":0,"name":"Shaded","section":"Shading Mode"},"sceneLighting":true,"audioPlay":false,"sceneViewState":{"showFog":true,"showMaterialUpdate":false,"showSkybox":true,"showFlares":true,"showImageEffects":true,"showParticleSystems":true},"in2DMode":false,"pivot":{"x":-0.08480473607778549,"y":0.13244739174842835,"z":-0.11417689919471741},"rotation":{"x":-0.1791088581085205,"y":0.408344566822052,"z":-0.08206579089164734,"w":-0.8913265466690064},"size":0.588456392288208,"orthographic":false}