{"cameraMode":{"drawMode":0,"name":"Shaded","section":"Shading Mode"},"sceneLighting":true,"audioPlay":false,"sceneViewState":{"showFog":true,"showMaterialUpdate":false,"showSkybox":true,"showFlares":true,"showImageEffects":true,"showParticleSystems":true},"in2DMode":false,"pivot":{"x":-0.019216254353523256,"y":0.30379074811935427,"z":-0.225722074508667},"rotation":{"x":-0.08921989798545838,"y":0.8858835101127625,"z":-0.19200006127357484,"w":-0.4130164086818695},"size":1.8676204681396485,"orthographic":false}