{"cameraMode":{"drawMode":0,"name":"Shaded","section":"Shading Mode"},"sceneLighting":true,"audioPlay":false,"sceneViewState":{"showFog":true,"showMaterialUpdate":false,"showSkybox":true,"showFlares":true,"showImageEffects":true,"showParticleSystems":true},"in2DMode":false,"pivot":{"x":-0.03869597613811493,"y":-0.03200003504753113,"z":0.0},"rotation":{"x":-0.09219489991664887,"y":0.8948708176612854,"z":-0.21788348257541657,"w":-0.3788909614086151},"size":0.5193747282028198,"orthographic":false}